guest_id,check_in_date,stay_id,booking_channel,reason_for_stay,number_of_guests,loyalty_tier,marketing_consent,total_spend,transaction_count,avg_transaction_value,Activities,Dining,Spa,spend_per_guest,has_spend
238,2025-10-25 12:09:35.704163,1,Website,Business,4.0,Unknown,True,0.0,0.0,0.0,,,,0.0,False
129,2025-11-07 12:09:35.704163,2,Corporate,Business,2.0,Unknown,True,0.0,0.0,0.0,,,,0.0,False
332,2025-09-30 12:09:35.704163,3,Website,Business,1.0,Gold,False,0.0,0.0,0.0,,,,0.0,False
153,2025-09-06 12:09:35.704163,4,Corporate,Business,4.0,Unknown,True,0.0,0.0,0.0,,,,0.0,False
305,2025-11-23 12:09:35.704163,5,Website,Business,2.0,Silver,True,0.0,0.0,0.0,,,,0.0,False
157,2025-09-16 12:09:35.704163,6,Website,Business,2.0,Silver,True,0.0,0.0,0.0,,,,0.0,False
347,2025-10-22 12:09:35.704163,7,Website,Leisure,2.0,Silver,True,0.0,0.0,0.0,,,,0.0,False
97,2025-12-03 12:09:35.704163,8,Travel_Agent,Leisure,2.0,Silver,True,0.0,0.0,0.0,,,,0.0,False
90,2025-10-12 12:09:35.704163,9,Website,Leisure,2.0,Unknown,False,0.0,0.0,0.0,,,,0.0,False
352,2025-09-27 12:09:35.704163,10,Corporate,Business,1.0,Gold,False,0.0,0.0,0.0,,,,0.0,False
62,2025-10-23 12:09:35.704163,11,Travel_Agent,Business,1.0,Unknown,True,0.0,0.0,0.0,,,,0.0,False
258,2025-10-25 12:09:35.704163,12,Corporate,Business,3.0,Silver,True,0.0,0.0,0.0,,,,0.0,False
64,2025-09-27 12:09:35.704163,13,Website,Business,1.0,Unknown,True,0.0,0.0,0.0,,,,0.0,False
1,2025-11-28 12:09:35.704163,14,Corporate,Business,1.0,Unknown,True,0.0,0.0,0.0,,,,0.0,False
286,2025-11-10 12:09:35.704163,15,Travel_Agent,Leisure,1.0,Unknown,True,0.0,0.0,0.0,,,,0.0,False
20,2025-09-09 12:09:35.704163,16,Travel_Agent,Business,1.0,Unknown,True,0.0,0.0,0.0,,,,0.0,False
235,2025-09-26 12:09:35.704163,17,Corporate,Business,2.0,Unknown,True,0.0,0.0,0.0,,,,0.0,False
258,2025-10-11 12:09:35.704163,18,Travel_Agent,Business,3.0,Silver,True,0.0,0.0,0.0,,,,0.0,False
78,2025-09-28 12:09:35.704163,19,Travel_Agent,Business,1.0,Unknown,True,0.0,0.0,0.0,,,,0.0,False
42,2025-10-30 12:09:35.704163,20,Website,Business,1.0,Unknown,False,0.0,0.0,0.0,,,,0.0,False
24,2025-10-18 12:09:35.704163,22,Corporate,Business,3.0,Unknown,True,0.0,0.0,0.0,,,,0.0,False
70,2025-10-16 12:09:35.704163,23,Travel_Agent,Leisure,2.0,Platinum,False,0.0,0.0,0.0,,,,0.0,False
351,2025-09-30 12:09:35.704163,25,Travel_Agent,Leisure,2.0,Silver,True,0.0,0.0,0.0,,,,0.0,False
364,2025-11-15 12:09:35.704163,26,Website,Business,3.0,Silver,True,0.0,0.0,0.0,,,,0.0,False
164,2025-10-01 12:09:35.704163,27,Website,Business,2.0,Silver,True,0.0,0.0,0.0,,,,0.0,False
270,2025-11-03 12:09:35.704163,28,Travel_Agent,Leisure,3.0,Unknown,True,0.0,0.0,0.0,,,,0.0,False
69,2025-10-03 12:09:35.704163,29,Website,Leisure,1.0,Unknown,True,0.0,0.0,0.0,,,,0.0,False
316,2025-09-19 12:09:35.704163,30,Website,Leisure,2.0,Silver,False,0.0,0.0,0.0,,,,0.0,False
317,2025-11-29 12:09:35.704163,31,Travel_Agent,Business,1.0,Unknown,False,0.0,0.0,0.0,,,,0.0,False
85,2025-09-15 12:09:35.704163,32,Website,Leisure,2.0,Unknown,True,0.0,0.0,0.0,,,,0.0,False
351,2025-11-24 12:09:35.704163,33,Travel_Agent,Leisure,2.0,Silver,True,0.0,0.0,0.0,,,,0.0,False
62,2025-09-12 12:09:35.704163,34,Website,Business,2.0,Unknown,True,0.0,0.0,0.0,,,,0.0,False
285,2025-10-16 12:09:35.704163,35,Travel_Agent,Business,2.0,Silver,False,0.0,0.0,0.0,,,,0.0,False
344,2025-10-17 12:09:35.704163,36,Website,Leisure,1.0,Unknown,True,0.0,0.0,0.0,,,,0.0,False
15,2025-11-19 12:09:35.704163,37,Travel_Agent,Leisure,2.0,Unknown,True,0.0,0.0,0.0,,,,0.0,False
4,2025-10-15 12:09:35.704163,38,Website,Leisure,4.0,Silver,False,0.0,0.0,0.0,,,,0.0,False
371,2025-12-02 12:09:35.704163,39,Website,Business,3.0,Unknown,True,0.0,0.0,0.0,,,,0.0,False
120,2025-11-14 12:09:35.704163,40,Website,Leisure,1.0,Silver,True,0.0,0.0,0.0,,,,0.0,False
274,2025-11-08 12:09:35.704163,41,Travel_Agent,Leisure,1.0,Platinum,True,0.0,0.0,0.0,,,,0.0,False
249,2025-09-10 12:09:35.704163,42,Travel_Agent,Business,1.0,Platinum,True,0.0,0.0,0.0,,,,0.0,False
272,2025-10-06 12:09:35.704163,44,Travel_Agent,Leisure,2.0,Gold,False,0.0,0.0,0.0,,,,0.0,False
364,2025-12-04 12:09:35.704163,45,Corporate,Business,1.0,Silver,True,0.0,0.0,0.0,,,,0.0,False
88,2025-11-09 12:09:35.704163,46,Travel_Agent,Leisure,2.0,Silver,True,0.0,0.0,0.0,,,,0.0,False
375,2025-10-09 12:09:35.704163,47,Website,Leisure,2.0,Unknown,True,0.0,0.0,0.0,,,,0.0,False
91,2025-09-10 12:09:35.704163,48,Travel_Agent,Business,2.0,Unknown,True,0.0,0.0,0.0,,,,0.0,False
271,2025-10-07 12:09:35.704163,49,Website,Leisure,2.0,Gold,True,0.0,0.0,0.0,,,,0.0,False
237,2025-09-20 12:09:35.704163,50,Website,Business,2.0,Unknown,True,0.0,0.0,0.0,,,,0.0,False
339,2025-10-04 12:09:35.704163,51,Corporate,Business,2.0,Unknown,True,0.0,0.0,0.0,,,,0.0,False
143,2025-11-03 12:09:35.704163,52,Website,Business,1.0,Unknown,True,0.0,0.0,0.0,,,,0.0,False
79,2025-12-02 12:09:35.704163,53,Travel_Agent,Leisure,2.0,Unknown,False,0.0,0.0,0.0,,,,0.0,False
168,2025-11-01 12:09:35.704163,54,Travel_Agent,Leisure,2.0,Unknown,True,0.0,0.0,0.0,,,,0.0,False
66,2025-11-17 12:09:35.704163,55,Travel_Agent,Business,3.0,Silver,True,0.0,0.0,0.0,,,,0.0,False
119,2025-09-15 12:09:35.704163,56,Travel_Agent,Business,2.0,Gold,False,0.0,0.0,0.0,,,,0.0,False
379,2025-10-15 12:09:35.704163,57,Website,Leisure,2.0,Gold,True,0.0,0.0,0.0,,,,0.0,False
311,2025-09-21 12:09:35.704163,58,Website,Leisure,1.0,Unknown,True,0.0,0.0,0.0,,,,0.0,False
289,2025-11-12 12:09:35.704163,59,Travel_Agent,Leisure,1.0,Unknown,True,0.0,0.0,0.0,,,,0.0,False
142,2025-11-06 12:09:35.704163,60,Website,Business,1.0,Unknown,True,0.0,0.0,0.0,,,,0.0,False
295,2025-12-03 12:09:35.704163,61,Website,Business,1.0,Unknown,True,0.0,0.0,0.0,,,,0.0,False
18,2025-10-17 12:09:35.704163,62,Website,Business,2.0,Silver,True,0.0,0.0,0.0,,,,0.0,False
229,2025-11-13 12:09:35.704163,63,Website,Business,4.0,Gold,True,0.0,0.0,0.0,,,,0.0,False
84,2025-10-23 12:09:35.704163,64,Website,Business,1.0,Unknown,True,0.0,0.0,0.0,,,,0.0,False
111,2025-10-08 12:09:35.704163,65,Website,Leisure,1.0,Unknown,True,0.0,0.0,0.0,,,,0.0,False
68,2025-11-29 12:09:35.704163,66,Travel_Agent,Business,2.0,Gold,False,0.0,0.0,0.0,,,,0.0,False
144,2025-11-07 12:09:35.704163,67,Travel_Agent,Leisure,1.0,Unknown,True,0.0,0.0,0.0,,,,0.0,False
200,2025-09-18 12:09:35.704163,68,Corporate,Business,2.0,Gold,True,0.0,0.0,0.0,,,,0.0,False
91,2025-11-25 12:09:35.704163,69,Website,Business,2.0,Unknown,True,0.0,0.0,0.0,,,,0.0,False
102,2025-11-27 12:09:35.704163,70,Website,Business,2.0,Silver,True,0.0,0.0,0.0,,,,0.0,False
353,2025-10-28 12:09:35.704163,71,Website,Business,1.0,Silver,True,0.0,0.0,0.0,,,,0.0,False
304,2025-09-17 12:09:35.704163,72,Travel_Agent,Leisure,1.0,Silver,True,0.0,0.0,0.0,,,,0.0,False
128,2025-10-10 12:09:35.704163,73,Travel_Agent,Business,2.0,Gold,True,0.0,0.0,0.0,,,,0.0,False
95,2025-09-07 12:09:35.704163,74,Website,Leisure,2.0,Gold,True,0.0,0.0,0.0,,,,0.0,False
354,2025-11-22 12:09:35.704163,75,Corporate,Business,1.0,Unknown,True,0.0,0.0,0.0,,,,0.0,False
385,2025-10-26 12:09:35.704163,76,Website,Leisure,2.0,Silver,True,0.0,0.0,0.0,,,,0.0,False
128,2025-11-24 12:09:35.704163,77,Travel_Agent,Business,1.0,Gold,True,0.0,0.0,0.0,,,,0.0,False
214,2025-09-11 12:09:35.704163,78,Travel_Agent,Business,2.0,Unknown,True,0.0,0.0,0.0,,,,0.0,False
224,2025-12-01 12:09:35.704163,80,Travel_Agent,Business,4.0,Unknown,True,0.0,0.0,0.0,,,,0.0,False
329,2025-09-22 12:09:35.704163,81,Corporate,Business,1.0,Unknown,True,0.0,0.0,0.0,,,,0.0,False
214,2025-10-17 12:09:35.704163,82,Website,Business,1.0,Unknown,True,0.0,0.0,0.0,,,,0.0,False
242,2025-11-08 12:09:35.704163,84,Website,Leisure,1.0,Platinum,True,0.0,0.0,0.0,,,,0.0,False
164,2025-10-14 12:09:35.704163,85,Corporate,Business,3.0,Silver,True,0.0,0.0,0.0,,,,0.0,False
287,2025-10-08 12:09:35.704163,86,Travel_Agent,Leisure,4.0,Unknown,True,0.0,0.0,0.0,,,,0.0,False
346,2025-11-26 12:09:35.704163,87,Corporate,Business,1.0,Silver,False,0.0,0.0,0.0,,,,0.0,False
274,2025-09-07 12:09:35.704163,88,Travel_Agent,Leisure,1.0,Platinum,True,0.0,0.0,0.0,,,,0.0,False
302,2025-10-13 12:09:35.704163,89,Travel_Agent,Leisure,2.0,Silver,True,0.0,0.0,0.0,,,,0.0,False
311,2025-10-02 12:09:35.704163,90,Travel_Agent,Leisure,3.0,Unknown,True,0.0,0.0,0.0,,,,0.0,False
11,2025-10-25 12:09:35.704163,91,Travel_Agent,Leisure,2.0,Unknown,True,0.0,0.0,0.0,,,,0.0,False
156,2025-09-08 12:09:35.704163,92,Website,Leisure,1.0,Unknown,True,0.0,0.0,0.0,,,,0.0,False
198,2025-10-21 12:09:35.704163,93,Website,Leisure,1.0,Gold,True,0.0,0.0,0.0,,,,0.0,False
12,2025-10-18 12:09:35.704163,95,Website,Leisure,1.0,Platinum,False,0.0,0.0,0.0,,,,0.0,False
195,2025-09-16 12:09:35.704163,96,Corporate,Business,2.0,Unknown,False,0.0,0.0,0.0,,,,0.0,False
224,2025-11-18 12:09:35.704163,97,Website,Business,1.0,Unknown,True,0.0,0.0,0.0,,,,0.0,False
31,2025-09-30 12:09:35.704163,98,Corporate,Business,2.0,Silver,True,0.0,0.0,0.0,,,,0.0,False
276,2025-10-31 12:09:35.704163,99,Website,Leisure,1.0,Silver,False,0.0,0.0,0.0,,,,0.0,False
394,2025-11-23 12:09:35.704163,100,Website,Leisure,2.0,Gold,True,0.0,0.0,0.0,,,,0.0,False
242,2025-11-03 12:09:35.704163,101,Travel_Agent,Leisure,1.0,Platinum,True,0.0,0.0,0.0,,,,0.0,False
184,2025-11-23 12:09:35.704163,102,Travel_Agent,Business,2.0,Gold,True,0.0,0.0,0.0,,,,0.0,False
58,2025-10-12 12:09:35.704163,103,Travel_Agent,Leisure,1.0,Unknown,True,0.0,0.0,0.0,,,,0.0,False
158,2025-11-13 12:09:35.704163,104,Travel_Agent,Business,2.0,Gold,True,0.0,0.0,0.0,,,,0.0,False
171,2025-10-05 12:09:35.704163,105,Travel_Agent,Leisure,2.0,Silver,True,0.0,0.0,0.0,,,,0.0,False
44,2025-09-15 12:09:35.704163,106,Website,Leisure,2.0,Platinum,True,0.0,0.0,0.0,,,,0.0,False
243,2025-11-18 12:09:35.704163,107,Corporate,Business,2.0,Platinum,True,0.0,0.0,0.0,,,,0.0,False
182,2025-11-16 12:09:35.704163,108,Corporate,Business,2.0,Unknown,False,0.0,0.0,0.0,,,,0.0,False
91,2025-10-23 12:09:35.704163,109,Travel_Agent,Business,2.0,Unknown,True,0.0,0.0,0.0,,,,0.0,False
311,2025-11-15 12:09:35.704163,110,Website,Leisure,1.0,Unknown,True,0.0,0.0,0.0,,,,0.0,False
214,2025-10-24 12:09:35.704163,111,Travel_Agent,Business,2.0,Unknown,True,0.0,0.0,0.0,,,,0.0,False
1,2025-09-19 12:09:35.704163,112,Website,Business,1.0,Unknown,True,0.0,0.0,0.0,,,,0.0,False
354,2025-11-09 12:09:35.704163,113,Website,Business,1.0,Unknown,True,0.0,0.0,0.0,,,,0.0,False
94,2025-10-05 12:09:35.704163,114,Website,Leisure,1.0,Silver,True,0.0,0.0,0.0,,,,0.0,False
102,2025-11-06 12:09:35.704163,115,Travel_Agent,Business,1.0,Silver,True,0.0,0.0,0.0,,,,0.0,False
71,2025-10-06 12:09:35.704163,117,Travel_Agent,Leisure,2.0,Gold,True,0.0,0.0,0.0,,,,0.0,False
315,2025-10-31 12:09:35.704163,118,Travel_Agent,Leisure,2.0,Gold,True,0.0,0.0,0.0,,,,0.0,False
355,2025-11-13 12:09:35.704163,119,Website,Leisure,2.0,Unknown,True,0.0,0.0,0.0,,,,0.0,False
244,2025-09-14 12:09:35.704163,120,Website,Leisure,1.0,Unknown,True,0.0,0.0,0.0,,,,0.0,False
151,2025-12-03 12:09:35.704163,121,Website,Leisure,1.0,Platinum,True,0.0,0.0,0.0,,,,0.0,False
192,2025-09-11 12:09:35.704163,122,Corporate,Business,1.0,Gold,True,0.0,0.0,0.0,,,,0.0,False
227,2025-11-07 12:09:35.704163,123,Website,Leisure,1.0,Platinum,True,0.0,0.0,0.0,,,,0.0,False
155,2025-10-23 12:09:35.704163,124,Corporate,Business,1.0,Platinum,False,0.0,0.0,0.0,,,,0.0,False
145,2025-12-05 12:09:35.704163,125,Travel_Agent,Leisure,1.0,Unknown,True,0.0,0.0,0.0,,,,0.0,False
169,2025-10-24 12:09:35.704163,127,Travel_Agent,Leisure,2.0,Unknown,False,0.0,0.0,0.0,,,,0.0,False
21,2025-10-20 12:09:35.704163,128,Travel_Agent,Leisure,4.0,Silver,True,0.0,0.0,0.0,,,,0.0,False
89,2025-10-22 12:09:35.704163,129,Corporate,Business,3.0,Gold,False,0.0,0.0,0.0,,,,0.0,False
116,2025-10-12 12:09:35.704163,130,Corporate,Business,2.0,Gold,True,0.0,0.0,0.0,,,,0.0,False
359,2025-10-22 12:09:35.704163,131,Website,Leisure,1.0,Platinum,False,0.0,0.0,0.0,,,,0.0,False
118,2025-11-08 12:09:35.704163,132,Website,Business,2.0,Unknown,False,0.0,0.0,0.0,,,,0.0,False
186,2025-10-07 12:09:35.704163,133,Travel_Agent,Business,2.0,Silver,True,0.0,0.0,0.0,,,,0.0,False
160,2025-12-01 12:09:35.704163,134,Corporate,Business,1.0,Silver,True,0.0,0.0,0.0,,,,0.0,False
183,2025-11-20 12:09:35.704163,136,Travel_Agent,Business,2.0,Platinum,True,0.0,0.0,0.0,,,,0.0,False
348,2025-10-13 12:09:35.704163,137,Travel_Agent,Leisure,1.0,Unknown,True,0.0,0.0,0.0,,,,0.0,False
76,2025-11-24 12:09:35.704163,138,Travel_Agent,Business,2.0,Silver,False,0.0,0.0,0.0,,,,0.0,False
10,2025-09-30 12:09:35.704163,139,Website,Leisure,2.0,Silver,True,0.0,0.0,0.0,,,,0.0,False
96,2025-11-13 12:09:35.704163,140,Travel_Agent,Business,1.0,Unknown,True,0.0,0.0,0.0,,,,0.0,False
360,2025-09-24 12:09:35.704163,141,Corporate,Business,1.0,Silver,True,0.0,0.0,0.0,,,,0.0,False
134,2025-10-19 12:09:35.704163,142,Website,Business,1.0,Unknown,True,0.0,0.0,0.0,,,,0.0,False
259,2025-12-01 12:09:35.704163,143,Website,Leisure,1.0,Silver,True,0.0,0.0,0.0,,,,0.0,False
158,2025-10-10 12:09:35.704163,144,Corporate,Business,1.0,Gold,True,0.0,0.0,0.0,,,,0.0,False
8,2025-11-18 12:09:35.704163,145,Website,Leisure,2.0,Gold,True,0.0,0.0,0.0,,,,0.0,False
138,2025-11-16 12:09:35.704163,146,Corporate,Business,1.0,Silver,True,0.0,0.0,0.0,,,,0.0,False
220,2025-09-23 12:09:35.704163,147,Travel_Agent,Leisure,2.0,Gold,True,0.0,0.0,0.0,,,,0.0,False
384,2025-09-27 12:09:35.704163,148,Website,Leisure,1.0,Gold,True,0.0,0.0,0.0,,,,0.0,False
305,2025-11-06 12:09:35.704163,149,Corporate,Business,3.0,Silver,True,0.0,0.0,0.0,,,,0.0,False
113,2025-10-15 12:09:35.704163,150,Website,Business,1.0,Platinum,False,0.0,0.0,0.0,,,,0.0,False
265,2025-12-05 12:09:35.704163,151,Travel_Agent,Leisure,1.0,Gold,True,0.0,0.0,0.0,,,,0.0,False
314,2025-11-07 12:09:35.704163,152,Website,Leisure,3.0,Platinum,True,0.0,0.0,0.0,,,,0.0,False
205,2025-11-14 12:09:35.704163,153,Travel_Agent,Leisure,2.0,Silver,True,0.0,0.0,0.0,,,,0.0,False
359,2025-09-11 12:09:35.704163,154,Website,Leisure,1.0,Platinum,False,0.0,0.0,0.0,,,,0.0,False
4,2025-09-06 12:09:35.704163,155,Website,Leisure,2.0,Silver,False,0.0,0.0,0.0,,,,0.0,False
64,2025-10-05 12:09:35.704163,156,Corporate,Business,1.0,Unknown,True,0.0,0.0,0.0,,,,0.0,False
57,2025-10-28 12:09:35.704163,157,Website,Leisure,1.0,Unknown,True,0.0,0.0,0.0,,,,0.0,False
361,2025-11-25 12:09:35.704163,158,Travel_Agent,Business,1.0,Unknown,True,0.0,0.0,0.0,,,,0.0,False
229,2025-09-11 12:09:35.704163,159,Website,Business,1.0,Gold,True,0.0,0.0,0.0,,,,0.0,False
316,2025-11-18 12:09:35.704163,160,Travel_Agent,Leisure,2.0,Silver,False,0.0,0.0,0.0,,,,0.0,False
67,2025-10-15 12:09:35.704163,161,Website,Leisure,1.0,Unknown,True,0.0,0.0,0.0,,,,0.0,False
238,2025-09-09 12:09:35.704163,162,Corporate,Business,1.0,Unknown,True,0.0,0.0,0.0,,,,0.0,False
226,2025-09-27 12:09:35.704163,163,Travel_Agent,Business,2.0,Unknown,True,0.0,0.0,0.0,,,,0.0,False
364,2025-11-17 12:09:35.704163,164,Website,Business,2.0,Silver,True,0.0,0.0,0.0,,,,0.0,False
228,2025-09-12 12:09:35.704163,165,Website,Leisure,1.0,Unknown,True,0.0,0.0,0.0,,,,0.0,False
86,2025-11-25 12:09:35.704163,167,Travel_Agent,Business,1.0,Unknown,False,0.0,0.0,0.0,,,,0.0,False
219,2025-09-13 12:09:35.704163,168,Website,Leisure,2.0,Silver,False,0.0,0.0,0.0,,,,0.0,False
134,2025-10-28 12:09:35.704163,169,Corporate,Business,2.0,Unknown,True,0.0,0.0,0.0,,,,0.0,False
220,2025-11-14 12:09:35.704163,170,Website,Leisure,4.0,Gold,True,0.0,0.0,0.0,,,,0.0,False
64,2025-10-30 12:09:35.704163,171,Website,Business,1.0,Unknown,True,0.0,0.0,0.0,,,,0.0,False
306,2025-10-14 12:09:35.704163,172,Travel_Agent,Leisure,1.0,Platinum,False,0.0,0.0,0.0,,,,0.0,False
156,2025-11-28 12:09:35.704163,173,Travel_Agent,Leisure,1.0,Unknown,True,0.0,0.0,0.0,,,,0.0,False
109,2025-11-04 12:09:35.704163,174,Website,Leisure,1.0,Unknown,False,0.0,0.0,0.0,,,,0.0,False
212,2025-09-07 12:09:35.704163,175,Website,Leisure,1.0,Silver,True,0.0,0.0,0.0,,,,0.0,False
128,2025-11-05 12:09:35.704163,176,Website,Business,3.0,Gold,True,0.0,0.0,0.0,,,,0.0,False
257,2025-10-20 12:09:35.704163,177,Travel_Agent,Leisure,1.0,Platinum,True,0.0,0.0,0.0,,,,0.0,False
125,2025-10-18 12:09:35.704163,178,Travel_Agent,Leisure,1.0,Unknown,False,0.0,0.0,0.0,,,,0.0,False
396,2025-09-24 12:09:35.704163,179,Travel_Agent,Leisure,2.0,Platinum,False,0.0,0.0,0.0,,,,0.0,False
378,2025-11-17 12:09:35.704163,180,Corporate,Business,1.0,Unknown,True,0.0,0.0,0.0,,,,0.0,False
364,2025-10-19 12:09:35.704163,181,Corporate,Business,2.0,Silver,True,0.0,0.0,0.0,,,,0.0,False
89,2025-10-05 12:09:35.704163,182,Travel_Agent,Business,1.0,Gold,False,0.0,0.0,0.0,,,,0.0,False
200,2025-09-10 12:09:35.704163,183,Corporate,Business,1.0,Gold,True,0.0,0.0,0.0,,,,0.0,False
375,2025-11-26 12:09:35.704163,184,Website,Leisure,1.0,Unknown,True,0.0,0.0,0.0,,,,0.0,False
202,2025-10-04 12:09:35.704163,185,Website,Business,1.0,Unknown,True,0.0,0.0,0.0,,,,0.0,False
371,2025-11-19 12:09:35.704163,187,Website,Business,1.0,Unknown,True,0.0,0.0,0.0,,,,0.0,False
181,2025-10-09 12:09:35.704163,188,Travel_Agent,Leisure,2.0,Unknown,True,0.0,0.0,0.0,,,,0.0,False
318,2025-11-03 12:09:35.704163,189,Corporate,Business,1.0,Unknown,False,0.0,0.0,0.0,,,,0.0,False
81,2025-10-23 12:09:35.704163,190,Website,Leisure,1.0,Gold,True,0.0,0.0,0.0,,,,0.0,False
18,2025-10-05 12:09:35.704163,191,Website,Business,3.0,Silver,True,0.0,0.0,0.0,,,,0.0,False
119,2025-12-04 12:09:35.704163,192,Travel_Agent,Business,1.0,Gold,False,0.0,0.0,0.0,,,,0.0,False
75,2025-10-30 12:09:35.704163,193,Corporate,Business,2.0,Silver,True,0.0,0.0,0.0,,,,0.0,False
99,2025-10-28 12:09:35.704163,194,Website,Business,4.0,Unknown,False,0.0,0.0,0.0,,,,0.0,False
156,2025-09-26 12:09:35.704163,195,Travel_Agent,Leisure,2.0,Unknown,True,0.0,0.0,0.0,,,,0.0,False
94,2025-09-11 12:09:35.704163,196,Website,Leisure,3.0,Silver,True,0.0,0.0,0.0,,,,0.0,False
261,2025-09-23 12:09:35.704163,197,Website,Leisure,1.0,Silver,True,0.0,0.0,0.0,,,,0.0,False
91,2025-09-27 12:09:35.704163,198,Corporate,Business,1.0,Unknown,True,0.0,0.0,0.0,,,,0.0,False
243,2025-09-27 12:09:35.704163,199,Corporate,Business,1.0,Platinum,True,0.0,0.0,0.0,,,,0.0,False
212,2025-11-02 12:09:35.704163,200,Website,Leisure,2.0,Silver,True,0.0,0.0,0.0,,,,0.0,False
235,2025-11-21 12:09:35.704163,201,Corporate,Business,4.0,Unknown,True,0.0,0.0,0.0,,,,0.0,False
392,2025-11-04 12:09:35.704163,202,Travel_Agent,Business,1.0,Unknown,True,0.0,0.0,0.0,,,,0.0,False
354,2025-11-07 12:09:35.704163,203,Corporate,Business,2.0,Unknown,True,0.0,0.0,0.0,,,,0.0,False
17,2025-10-16 12:09:35.704163,204,Travel_Agent,Leisure,1.0,Unknown,True,0.0,0.0,0.0,,,,0.0,False
84,2025-10-09 12:09:35.704163,205,Travel_Agent,Business,2.0,Unknown,True,0.0,0.0,0.0,,,,0.0,False
278,2025-09-30 12:09:35.704163,206,Travel_Agent,Leisure,1.0,Silver,True,0.0,0.0,0.0,,,,0.0,False
77,2025-09-16 12:09:35.704163,207,Travel_Agent,Leisure,4.0,Gold,True,0.0,0.0,0.0,,,,0.0,False
222,2025-10-11 12:09:35.704163,208,Website,Leisure,2.0,Silver,True,0.0,0.0,0.0,,,,0.0,False
328,2025-11-20 12:09:35.704163,209,Website,Leisure,1.0,Silver,True,0.0,0.0,0.0,,,,0.0,False
155,2025-10-02 12:09:35.704163,210,Website,Business,1.0,Platinum,False,0.0,0.0,0.0,,,,0.0,False
364,2025-10-23 12:09:35.704163,211,Travel_Agent,Business,1.0,Silver,True,0.0,0.0,0.0,,,,0.0,False
373,2025-11-24 12:09:35.704163,212,Website,Business,1.0,Unknown,True,0.0,0.0,0.0,,,,0.0,False
273,2025-10-02 12:09:35.704163,213,Travel_Agent,Leisure,1.0,Gold,True,0.0,0.0,0.0,,,,0.0,False
251,2025-11-01 12:09:35.704163,214,Corporate,Business,3.0,Unknown,True,0.0,0.0,0.0,,,,0.0,False
286,2025-11-26 12:09:35.704163,215,Website,Leisure,2.0,Unknown,True,0.0,0.0,0.0,,,,0.0,False
240,2025-10-12 12:09:35.704163,216,Travel_Agent,Leisure,2.0,Unknown,True,0.0,0.0,0.0,,,,0.0,False
169,2025-11-27 12:09:35.704163,217,Website,Leisure,1.0,Unknown,False,0.0,0.0,0.0,,,,0.0,False
107,2025-09-15 12:09:35.704163,218,Corporate,Business,3.0,Unknown,False,0.0,0.0,0.0,,,,0.0,False
150,2025-12-05 12:09:35.704163,219,Website,Business,2.0,Unknown,True,0.0,0.0,0.0,,,,0.0,False
149,2025-10-09 12:09:35.704163,220,Travel_Agent,Business,1.0,Unknown,True,0.0,0.0,0.0,,,,0.0,False
235,2025-09-09 12:09:35.704163,221,Corporate,Business,2.0,Unknown,True,0.0,0.0,0.0,,,,0.0,False
229,2025-09-09 12:09:35.704163,222,Corporate,Business,2.0,Gold,True,0.0,0.0,0.0,,,,0.0,False
223,2025-12-05 12:09:35.704163,223,Travel_Agent,Business,1.0,Unknown,True,0.0,0.0,0.0,,,,0.0,False
13,2025-11-10 12:09:35.704163,224,Travel_Agent,Leisure,1.0,Gold,False,0.0,0.0,0.0,,,,0.0,False
29,2025-12-05 12:09:35.704163,225,Travel_Agent,Leisure,1.0,Silver,True,0.0,0.0,0.0,,,,0.0,False
295,2025-11-08 12:09:35.704163,226,Corporate,Business,1.0,Unknown,True,0.0,0.0,0.0,,,,0.0,False
31,2025-09-19 12:09:35.704163,227,Travel_Agent,Business,3.0,Silver,True,0.0,0.0,0.0,,,,0.0,False
197,2025-09-30 12:09:35.704163,228,Website,Leisure,2.0,Silver,True,0.0,0.0,0.0,,,,0.0,False
35,2025-10-10 12:09:35.704163,229,Corporate,Business,2.0,Platinum,True,0.0,0.0,0.0,,,,0.0,False
161,2025-10-08 12:09:35.704163,230,Travel_Agent,Business,1.0,Unknown,True,0.0,0.0,0.0,,,,0.0,False
74,2025-10-22 12:09:35.704163,231,Travel_Agent,Leisure,1.0,Gold,False,0.0,0.0,0.0,,,,0.0,False
190,2025-10-12 12:09:35.704163,232,Website,Leisure,2.0,Unknown,True,0.0,0.0,0.0,,,,0.0,False
338,2025-11-12 12:09:35.704163,233,Travel_Agent,Leisure,2.0,Silver,False,0.0,0.0,0.0,,,,0.0,False
114,2025-10-21 12:09:35.704163,234,Website,Leisure,1.0,Gold,False,0.0,0.0,0.0,,,,0.0,False
210,2025-10-19 12:09:35.704163,235,Travel_Agent,Leisure,2.0,Unknown,True,0.0,0.0,0.0,,,,0.0,False
226,2025-09-07 12:09:35.704163,236,Website,Business,2.0,Unknown,True,0.0,0.0,0.0,,,,0.0,False
261,2025-11-01 12:09:35.704163,237,Travel_Agent,Leisure,1.0,Silver,True,0.0,0.0,0.0,,,,0.0,False
197,2025-10-19 12:09:35.704163,239,Website,Leisure,2.0,Silver,True,0.0,0.0,0.0,,,,0.0,False
163,2025-09-13 12:09:35.704163,240,Corporate,Business,1.0,Silver,True,0.0,0.0,0.0,,,,0.0,False
168,2025-11-13 12:09:35.704163,241,Website,Leisure,1.0,Unknown,True,0.0,0.0,0.0,,,,0.0,False
392,2025-11-24 12:09:35.704163,242,Corporate,Business,1.0,Unknown,True,0.0,0.0,0.0,,,,0.0,False
1,2025-11-15 12:09:35.704163,243,Travel_Agent,Business,1.0,Unknown,True,0.0,0.0,0.0,,,,0.0,False
225,2025-10-05 12:09:35.704163,244,Travel_Agent,Leisure,2.0,Unknown,True,0.0,0.0,0.0,,,,0.0,False
271,2025-11-12 12:09:35.704163,245,Travel_Agent,Leisure,2.0,Gold,True,0.0,0.0,0.0,,,,0.0,False
399,2025-09-21 12:09:35.704163,246,Corporate,Business,1.0,Gold,True,0.0,0.0,0.0,,,,0.0,False
397,2025-11-13 12:09:35.704163,247,Website,Business,3.0,Gold,False,0.0,0.0,0.0,,,,0.0,False
335,2025-09-08 12:09:35.704163,248,Website,Leisure,3.0,Unknown,True,0.0,0.0,0.0,,,,0.0,False
386,2025-09-15 12:09:35.704163,249,Travel_Agent,Leisure,3.0,Gold,False,0.0,0.0,0.0,,,,0.0,False
3,2025-11-26 12:09:35.704163,250,Corporate,Business,1.0,Silver,True,0.0,0.0,0.0,,,,0.0,False
209,2025-10-02 12:09:35.704163,251,Travel_Agent,Leisure,1.0,Unknown,True,0.0,0.0,0.0,,,,0.0,False
1,2025-11-20 12:09:35.704163,252,Travel_Agent,Business,4.0,Unknown,True,0.0,0.0,0.0,,,,0.0,False
10,2025-11-05 12:09:35.704163,253,Website,Leisure,2.0,Silver,True,0.0,0.0,0.0,,,,0.0,False
249,2025-10-07 12:09:35.704163,254,Corporate,Business,1.0,Platinum,True,0.0,0.0,0.0,,,,0.0,False
141,2025-10-29 12:09:35.704163,255,Website,Leisure,1.0,Platinum,False,0.0,0.0,0.0,,,,0.0,False
71,2025-09-26 12:09:35.704163,256,Travel_Agent,Leisure,1.0,Gold,True,0.0,0.0,0.0,,,,0.0,False
284,2025-10-04 12:09:35.704163,257,Website,Leisure,3.0,Unknown,True,0.0,0.0,0.0,,,,0.0,False
248,2025-09-07 12:09:35.704163,258,Website,Business,2.0,Platinum,True,0.0,0.0,0.0,,,,0.0,False
351,2025-10-19 12:09:35.704163,259,Website,Leisure,1.0,Silver,True,0.0,0.0,0.0,,,,0.0,False
368,2025-09-25 12:09:35.704163,261,Travel_Agent,Leisure,2.0,Platinum,False,0.0,0.0,0.0,,,,0.0,False
178,2025-09-14 12:09:35.704163,262,Website,Business,2.0,Unknown,False,0.0,0.0,0.0,,,,0.0,False
16,2025-11-07 12:09:35.704163,263,Website,Leisure,1.0,Unknown,True,0.0,0.0,0.0,,,,0.0,False
324,2025-11-26 12:09:35.704163,264,Website,Business,2.0,Unknown,True,0.0,0.0,0.0,,,,0.0,False
241,2025-10-19 12:09:35.704163,265,Website,Leisure,4.0,Platinum,True,0.0,0.0,0.0,,,,0.0,False
152,2025-10-27 12:09:35.704163,266,Website,Leisure,1.0,Unknown,False,0.0,0.0,0.0,,,,0.0,False
318,2025-11-12 12:09:35.704163,267,Website,Business,2.0,Unknown,False,0.0,0.0,0.0,,,,0.0,False
160,2025-09-13 12:09:35.704163,268,Travel_Agent,Business,1.0,Silver,True,0.0,0.0,0.0,,,,0.0,False
265,2025-09-14 12:09:35.704163,269,Travel_Agent,Leisure,2.0,Gold,True,0.0,0.0,0.0,,,,0.0,False
292,2025-12-05 12:09:35.704163,270,Travel_Agent,Leisure,2.0,Unknown,True,0.0,0.0,0.0,,,,0.0,False
168,2025-12-04 12:09:35.704163,271,Travel_Agent,Leisure,2.0,Unknown,True,0.0,0.0,0.0,,,,0.0,False
197,2025-11-08 12:09:35.704163,272,Website,Leisure,2.0,Silver,True,0.0,0.0,0.0,,,,0.0,False
330,2025-10-23 12:09:35.704163,273,Corporate,Business,1.0,Unknown,True,0.0,0.0,0.0,,,,0.0,False
205,2025-11-30 12:09:35.704163,274,Travel_Agent,Leisure,3.0,Silver,True,0.0,0.0,0.0,,,,0.0,False
64,2025-09-13 12:09:35.704163,275,Travel_Agent,Business,2.0,Unknown,True,0.0,0.0,0.0,,,,0.0,False
150,2025-10-12 12:09:35.704163,276,Website,Business,1.0,Unknown,True,0.0,0.0,0.0,,,,0.0,False
396,2025-10-15 12:09:35.704163,277,Website,Leisure,2.0,Platinum,False,0.0,0.0,0.0,,,,0.0,False
302,2025-11-21 12:09:35.704163,278,Website,Leisure,2.0,Silver,True,0.0,0.0,0.0,,,,0.0,False
192,2025-09-07 12:09:35.704163,279,Website,Business,1.0,Gold,True,0.0,0.0,0.0,,,,0.0,False
264,2025-11-18 12:09:35.704163,280,Travel_Agent,Business,3.0,Silver,True,0.0,0.0,0.0,,,,0.0,False
169,2025-10-29 12:09:35.704163,281,Travel_Agent,Leisure,3.0,Unknown,False,0.0,0.0,0.0,,,,0.0,False
330,2025-09-17 12:09:35.704163,282,Travel_Agent,Business,1.0,Unknown,True,0.0,0.0,0.0,,,,0.0,False
269,2025-10-03 12:09:35.704163,283,Travel_Agent,Leisure,4.0,Unknown,True,0.0,0.0,0.0,,,,0.0,False
20,2025-11-12 12:09:35.704163,284,Corporate,Business,1.0,Unknown,True,0.0,0.0,0.0,,,,0.0,False
111,2025-09-09 12:09:35.704163,285,Travel_Agent,Leisure,1.0,Unknown,True,0.0,0.0,0.0,,,,0.0,False
59,2025-09-10 12:09:35.704163,286,Corporate,Business,1.0,Unknown,True,0.0,0.0,0.0,,,,0.0,False
35,2025-09-17 12:09:35.704163,287,Website,Business,3.0,Platinum,True,0.0,0.0,0.0,,,,0.0,False
228,2025-11-06 12:09:35.704163,288,Website,Leisure,2.0,Unknown,True,0.0,0.0,0.0,,,,0.0,False
191,2025-09-17 12:09:35.704163,289,Website,Business,1.0,Unknown,True,0.0,0.0,0.0,,,,0.0,False
20,2025-09-08 12:09:35.704163,290,Travel_Agent,Business,1.0,Unknown,True,0.0,0.0,0.0,,,,0.0,False
42,2025-10-25 12:09:35.704163,291,Corporate,Business,2.0,Unknown,False,0.0,0.0,0.0,,,,0.0,False
352,2025-11-23 12:09:35.704163,292,Website,Business,1.0,Gold,False,0.0,0.0,0.0,,,,0.0,False
277,2025-12-04 12:09:35.704163,293,Corporate,Business,3.0,Gold,True,0.0,0.0,0.0,,,,0.0,False
201,2025-11-11 12:09:35.704163,294,Website,Business,2.0,Silver,True,0.0,0.0,0.0,,,,0.0,False
46,2025-10-09 12:09:35.704163,295,Corporate,Business,2.0,Silver,False,0.0,0.0,0.0,,,,0.0,False
274,2025-09-28 12:09:35.704163,296,Website,Leisure,4.0,Platinum,True,0.0,0.0,0.0,,,,0.0,False
393,2025-09-26 12:09:35.704163,297,Website,Leisure,1.0,Unknown,True,0.0,0.0,0.0,,,,0.0,False
351,2025-10-29 12:09:35.704163,298,Travel_Agent,Leisure,4.0,Silver,True,0.0,0.0,0.0,,,,0.0,False
273,2025-11-14 12:09:35.704163,299,Website,Leisure,2.0,Gold,True,0.0,0.0,0.0,,,,0.0,False
19,2025-11-14 12:09:35.704163,300,Website,Leisure,2.0,Unknown,True,0.0,0.0,0.0,,,,0.0,False
234,2025-10-08 12:09:35.704163,301,Website,Business,1.0,Unknown,True,0.0,0.0,0.0,,,,0.0,False
18,2025-11-14 12:09:35.704163,302,Corporate,Business,3.0,Silver,True,0.0,0.0,0.0,,,,0.0,False
335,2025-11-07 12:09:35.704163,303,Travel_Agent,Leisure,1.0,Unknown,True,0.0,0.0,0.0,,,,0.0,False
222,2025-09-15 12:09:35.704163,304,Website,Leisure,1.0,Silver,True,0.0,0.0,0.0,,,,0.0,False
68,2025-10-13 12:09:35.704163,305,Travel_Agent,Business,1.0,Gold,False,0.0,0.0,0.0,,,,0.0,False
49,2025-11-26 12:09:35.704163,306,Travel_Agent,Leisure,2.0,Silver,True,0.0,0.0,0.0,,,,0.0,False
214,2025-09-24 12:09:35.704163,307,Website,Business,2.0,Unknown,True,0.0,0.0,0.0,,,,0.0,False
313,2025-09-20 12:09:35.704163,308,Website,Leisure,2.0,Unknown,True,0.0,0.0,0.0,,,,0.0,False
71,2025-10-25 12:09:35.704163,309,Website,Leisure,3.0,Gold,True,0.0,0.0,0.0,,,,0.0,False
26,2025-09-06 12:09:35.704163,310,Website,Business,1.0,Gold,True,0.0,0.0,0.0,,,,0.0,False
205,2025-11-15 12:09:35.704163,311,Travel_Agent,Leisure,2.0,Silver,True,0.0,0.0,0.0,,,,0.0,False
156,2025-10-08 12:09:35.704163,312,Website,Leisure,1.0,Unknown,True,0.0,0.0,0.0,,,,0.0,False
212,2025-11-05 12:09:35.704163,313,Travel_Agent,Leisure,3.0,Silver,True,0.0,0.0,0.0,,,,0.0,False
291,2025-11-27 12:09:35.704163,314,Travel_Agent,Business,2.0,Unknown,True,0.0,0.0,0.0,,,,0.0,False
239,2025-10-08 12:09:35.704163,315,Website,Leisure,2.0,Silver,True,0.0,0.0,0.0,,,,0.0,False
155,2025-11-23 12:09:35.704163,316,Travel_Agent,Business,2.0,Platinum,False,0.0,0.0,0.0,,,,0.0,False
150,2025-09-28 12:09:35.704163,318,Corporate,Business,1.0,Unknown,True,0.0,0.0,0.0,,,,0.0,False
213,2025-09-28 12:09:35.704163,319,Travel_Agent,Leisure,2.0,Silver,True,0.0,0.0,0.0,,,,0.0,False
26,2025-09-27 12:09:35.704163,320,Corporate,Business,1.0,Gold,True,0.0,0.0,0.0,,,,0.0,False
246,2025-12-01 12:09:35.704163,321,Travel_Agent,Business,1.0,Platinum,False,0.0,0.0,0.0,,,,0.0,False
63,2025-10-21 12:09:35.704163,322,Website,Leisure,1.0,Gold,True,0.0,0.0,0.0,,,,0.0,False
324,2025-11-11 12:09:35.704163,323,Travel_Agent,Business,2.0,Unknown,True,0.0,0.0,0.0,,,,0.0,False
143,2025-10-26 12:09:35.704163,324,Corporate,Business,1.0,Unknown,True,0.0,0.0,0.0,,,,0.0,False
294,2025-09-18 12:09:35.704163,325,Travel_Agent,Business,1.0,Unknown,True,0.0,0.0,0.0,,,,0.0,False
334,2025-11-27 12:09:35.704163,326,Corporate,Business,2.0,Unknown,True,0.0,0.0,0.0,,,,0.0,False
26,2025-09-30 12:09:35.704163,327,Corporate,Business,2.0,Gold,True,0.0,0.0,0.0,,,,0.0,False
45,2025-10-06 12:09:35.704163,328,Website,Leisure,1.0,Unknown,False,0.0,0.0,0.0,,,,0.0,False
11,2025-09-22 12:09:35.704163,329,Website,Leisure,1.0,Unknown,True,0.0,0.0,0.0,,,,0.0,False
115,2025-10-29 12:09:35.704163,330,Travel_Agent,Business,1.0,Silver,True,0.0,0.0,0.0,,,,0.0,False
182,2025-09-20 12:09:35.704163,331,Website,Business,1.0,Unknown,False,0.0,0.0,0.0,,,,0.0,False
296,2025-10-05 12:09:35.704163,332,Corporate,Business,1.0,Silver,True,0.0,0.0,0.0,,,,0.0,False
136,2025-11-08 12:09:35.704163,333,Corporate,Business,2.0,Unknown,False,0.0,0.0,0.0,,,,0.0,False
136,2025-10-23 12:09:35.704163,334,Website,Business,2.0,Unknown,False,0.0,0.0,0.0,,,,0.0,False
367,2025-11-01 12:09:35.704163,335,Website,Business,2.0,Platinum,True,0.0,0.0,0.0,,,,0.0,False
142,2025-12-02 12:09:35.704163,336,Travel_Agent,Business,1.0,Unknown,True,0.0,0.0,0.0,,,,0.0,False
104,2025-10-17 12:09:35.704163,337,Website,Leisure,2.0,Silver,False,0.0,0.0,0.0,,,,0.0,False
150,2025-09-06 12:09:35.704163,338,Corporate,Business,1.0,Unknown,True,0.0,0.0,0.0,,,,0.0,False
286,2025-09-21 12:09:35.704163,339,Website,Leisure,4.0,Unknown,True,0.0,0.0,0.0,,,,0.0,False
388,2025-10-08 12:09:35.704163,340,Travel_Agent,Leisure,2.0,Unknown,True,0.0,0.0,0.0,,,,0.0,False
57,2025-10-01 12:09:35.704163,341,Website,Leisure,1.0,Unknown,True,0.0,0.0,0.0,,,,0.0,False
171,2025-09-18 12:09:35.704163,342,Travel_Agent,Leisure,2.0,Silver,True,0.0,0.0,0.0,,,,0.0,False
138,2025-12-02 12:09:35.704163,343,Travel_Agent,Business,1.0,Silver,True,0.0,0.0,0.0,,,,0.0,False
97,2025-09-12 12:09:35.704163,344,Travel_Agent,Leisure,2.0,Silver,True,0.0,0.0,0.0,,,,0.0,False
241,2025-10-28 12:09:35.704163,345,Website,Leisure,1.0,Platinum,True,0.0,0.0,0.0,,,,0.0,False
346,2025-11-08 12:09:35.704163,346,Travel_Agent,Business,1.0,Silver,False,0.0,0.0,0.0,,,,0.0,False
308,2025-10-18 12:09:35.704163,347,Corporate,Business,3.0,Unknown,False,0.0,0.0,0.0,,,,0.0,False
25,2025-10-29 12:09:35.704163,348,Website,Leisure,1.0,Unknown,True,0.0,0.0,0.0,,,,0.0,False
343,2025-09-08 12:09:35.704163,349,Website,Leisure,2.0,Unknown,True,0.0,0.0,0.0,,,,0.0,False
159,2025-10-15 12:09:35.704163,350,Website,Leisure,1.0,Unknown,True,0.0,0.0,0.0,,,,0.0,False
313,2025-11-28 12:09:35.704163,351,Travel_Agent,Leisure,2.0,Unknown,True,0.0,0.0,0.0,,,,0.0,False
141,2025-11-09 12:09:35.704163,354,Website,Leisure,1.0,Platinum,False,0.0,0.0,0.0,,,,0.0,False
342,2025-10-01 12:09:35.704163,355,Website,Business,1.0,Unknown,True,0.0,0.0,0.0,,,,0.0,False
250,2025-09-21 12:09:35.704163,356,Travel_Agent,Leisure,1.0,Gold,True,0.0,0.0,0.0,,,,0.0,False
119,2025-09-29 12:09:35.704163,357,Travel_Agent,Business,1.0,Gold,False,0.0,0.0,0.0,,,,0.0,False
179,2025-10-09 12:09:35.704163,358,Corporate,Business,2.0,Platinum,True,0.0,0.0,0.0,,,,0.0,False
18,2025-10-04 12:09:35.704163,359,Website,Business,3.0,Silver,True,0.0,0.0,0.0,,,,0.0,False
91,2025-10-10 12:09:35.704163,360,Travel_Agent,Business,3.0,Unknown,True,0.0,0.0,0.0,,,,0.0,False
256,2025-11-06 12:09:35.704163,361,Website,Leisure,2.0,Silver,True,0.0,0.0,0.0,,,,0.0,False
294,2025-10-16 12:09:35.704163,362,Website,Business,2.0,Unknown,True,0.0,0.0,0.0,,,,0.0,False
371,2025-11-16 12:09:35.704163,363,Travel_Agent,Business,2.0,Unknown,True,0.0,0.0,0.0,,,,0.0,False
162,2025-12-05 12:09:35.704163,364,Travel_Agent,Business,1.0,Silver,True,0.0,0.0,0.0,,,,0.0,False
161,2025-09-19 12:09:35.704163,365,Corporate,Business,3.0,Unknown,True,0.0,0.0,0.0,,,,0.0,False
241,2025-11-08 12:09:35.704163,366,Website,Leisure,2.0,Platinum,True,0.0,0.0,0.0,,,,0.0,False
179,2025-09-22 12:09:35.704163,367,Website,Business,2.0,Platinum,True,0.0,0.0,0.0,,,,0.0,False
226,2025-09-13 12:09:35.704163,369,Travel_Agent,Business,1.0,Unknown,True,0.0,0.0,0.0,,,,0.0,False
94,2025-09-13 12:09:35.704163,370,Website,Leisure,1.0,Silver,True,0.0,0.0,0.0,,,,0.0,False
3,2025-12-01 12:09:35.704163,371,Website,Business,3.0,Silver,True,0.0,0.0,0.0,,,,0.0,False
188,2025-10-11 12:09:35.704163,372,Website,Business,2.0,Silver,True,0.0,0.0,0.0,,,,0.0,False
76,2025-10-19 12:09:35.704163,373,Corporate,Business,1.0,Silver,False,0.0,0.0,0.0,,,,0.0,False
388,2025-09-08 12:09:35.704163,374,Website,Leisure,4.0,Unknown,True,0.0,0.0,0.0,,,,0.0,False
154,2025-10-05 12:09:35.704163,375,Website,Leisure,1.0,Unknown,True,0.0,0.0,0.0,,,,0.0,False
225,2025-09-27 12:09:35.704163,376,Website,Leisure,1.0,Unknown,True,0.0,0.0,0.0,,,,0.0,False
91,2025-12-02 12:09:35.704163,377,Website,Business,1.0,Unknown,True,0.0,0.0,0.0,,,,0.0,False
337,2025-10-28 12:09:35.704163,378,Website,Leisure,2.0,Gold,True,0.0,0.0,0.0,,,,0.0,False
101,2025-09-22 12:09:35.704163,379,Travel_Agent,Business,3.0,Unknown,True,0.0,0.0,0.0,,,,0.0,False
29,2025-09-12 12:09:35.704163,380,Website,Leisure,1.0,Silver,True,0.0,0.0,0.0,,,,0.0,False
164,2025-11-25 12:09:35.704163,381,Corporate,Business,3.0,Silver,True,0.0,0.0,0.0,,,,0.0,False
220,2025-11-03 12:09:35.704163,382,Website,Leisure,1.0,Gold,True,0.0,0.0,0.0,,,,0.0,False
48,2025-09-12 12:09:35.704163,383,Travel_Agent,Leisure,3.0,Silver,True,0.0,0.0,0.0,,,,0.0,False
243,2025-11-28 12:09:35.704163,384,Corporate,Business,2.0,Platinum,True,0.0,0.0,0.0,,,,0.0,False
209,2025-10-21 12:09:35.704163,385,Travel_Agent,Leisure,2.0,Unknown,True,0.0,0.0,0.0,,,,0.0,False
393,2025-09-07 12:09:35.704163,386,Travel_Agent,Leisure,1.0,Unknown,True,0.0,0.0,0.0,,,,0.0,False
255,2025-10-06 12:09:35.704163,387,Website,Business,4.0,Unknown,True,0.0,0.0,0.0,,,,0.0,False
388,2025-10-11 12:09:35.704163,388,Website,Leisure,2.0,Unknown,True,0.0,0.0,0.0,,,,0.0,False
27,2025-11-16 12:09:35.704163,389,Travel_Agent,Business,1.0,Unknown,True,0.0,0.0,0.0,,,,0.0,False
120,2025-10-12 12:09:35.704163,391,Travel_Agent,Leisure,1.0,Silver,True,0.0,0.0,0.0,,,,0.0,False
276,2025-10-08 12:09:35.704163,392,Travel_Agent,Leisure,3.0,Silver,False,0.0,0.0,0.0,,,,0.0,False
328,2025-09-28 12:09:35.704163,393,Travel_Agent,Leisure,1.0,Silver,True,0.0,0.0,0.0,,,,0.0,False
266,2025-11-01 12:09:35.704163,394,Travel_Agent,Leisure,2.0,Silver,True,0.0,0.0,0.0,,,,0.0,False
383,2025-09-13 12:09:35.704163,395,Website,Leisure,2.0,Silver,True,0.0,0.0,0.0,,,,0.0,False
195,2025-10-09 12:09:35.704163,396,Travel_Agent,Business,1.0,Unknown,False,0.0,0.0,0.0,,,,0.0,False
226,2025-11-21 12:09:35.704163,397,Corporate,Business,1.0,Unknown,True,0.0,0.0,0.0,,,,0.0,False
194,2025-10-26 12:09:35.704163,398,Website,Leisure,1.0,Silver,True,0.0,0.0,0.0,,,,0.0,False
49,2025-12-02 12:09:35.704163,399,Travel_Agent,Leisure,1.0,Silver,True,0.0,0.0,0.0,,,,0.0,False
120,2025-10-15 12:09:35.704163,400,Website,Leisure,1.0,Silver,True,0.0,0.0,0.0,,,,0.0,False
11,2025-11-02 12:09:35.704163,401,Travel_Agent,Leisure,2.0,Unknown,True,0.0,0.0,0.0,,,,0.0,False
106,2025-10-19 12:09:35.704163,402,Website,Business,1.0,Unknown,True,0.0,0.0,0.0,,,,0.0,False
267,2025-09-11 12:09:35.704163,403,Travel_Agent,Leisure,1.0,Silver,True,0.0,0.0,0.0,,,,0.0,False
310,2025-09-09 12:09:35.704163,404,Travel_Agent,Business,2.0,Unknown,True,0.0,0.0,0.0,,,,0.0,False
349,2025-11-09 12:09:35.704163,405,Website,Leisure,1.0,Unknown,False,0.0,0.0,0.0,,,,0.0,False
204,2025-09-26 12:09:35.704163,406,Travel_Agent,Leisure,3.0,Gold,True,0.0,0.0,0.0,,,,0.0,False
370,2025-10-09 12:09:35.704163,407,Travel_Agent,Leisure,3.0,Unknown,False,0.0,0.0,0.0,,,,0.0,False
367,2025-10-22 12:09:35.704163,408,Corporate,Business,2.0,Platinum,True,0.0,0.0,0.0,,,,0.0,False
19,2025-11-17 12:09:35.704163,409,Website,Leisure,2.0,Unknown,True,0.0,0.0,0.0,,,,0.0,False
134,2025-10-30 12:09:35.704163,410,Website,Business,3.0,Unknown,True,0.0,0.0,0.0,,,,0.0,False
124,2025-11-27 12:09:35.704163,412,Corporate,Business,1.0,Unknown,False,0.0,0.0,0.0,,,,0.0,False
324,2025-11-10 12:09:35.704163,413,Corporate,Business,1.0,Unknown,True,0.0,0.0,0.0,,,,0.0,False
217,2025-11-17 12:09:35.704163,414,Travel_Agent,Business,2.0,Unknown,True,0.0,0.0,0.0,,,,0.0,False
236,2025-11-10 12:09:35.704163,415,Corporate,Business,1.0,Silver,True,0.0,0.0,0.0,,,,0.0,False
163,2025-11-05 12:09:35.704163,416,Travel_Agent,Business,2.0,Silver,True,0.0,0.0,0.0,,,,0.0,False
344,2025-10-20 12:09:35.704163,417,Travel_Agent,Leisure,4.0,Unknown,True,0.0,0.0,0.0,,,,0.0,False
130,2025-10-29 12:09:35.704163,418,Website,Business,3.0,Silver,False,0.0,0.0,0.0,,,,0.0,False
185,2025-11-29 12:09:35.704163,419,Travel_Agent,Leisure,2.0,Unknown,True,0.0,0.0,0.0,,,,0.0,False
286,2025-10-13 12:09:35.704163,420,Website,Leisure,1.0,Unknown,True,0.0,0.0,0.0,,,,0.0,False
36,2025-11-02 12:09:35.704163,421,Corporate,Business,2.0,Gold,True,0.0,0.0,0.0,,,,0.0,False
2,2025-09-11 12:09:35.704163,422,Travel_Agent,Leisure,2.0,Platinum,False,0.0,0.0,0.0,,,,0.0,False
228,2025-10-04 12:09:35.704163,423,Travel_Agent,Leisure,1.0,Unknown,True,0.0,0.0,0.0,,,,0.0,False
314,2025-10-20 12:09:35.704163,424,Website,Leisure,1.0,Platinum,True,0.0,0.0,0.0,,,,0.0,False
167,2025-11-04 12:09:35.704163,425,Website,Business,3.0,Unknown,True,0.0,0.0,0.0,,,,0.0,False
212,2025-11-17 12:09:35.704163,426,Website,Leisure,2.0,Silver,True,0.0,0.0,0.0,,,,0.0,False
43,2025-09-26 12:09:35.704163,427,Website,Leisure,2.0,Unknown,True,0.0,0.0,0.0,,,,0.0,False
218,2025-12-05 12:09:35.704163,428,Website,Leisure,3.0,Silver,True,0.0,0.0,0.0,,,,0.0,False
321,2025-11-29 12:09:35.704163,429,Corporate,Business,2.0,Silver,False,0.0,0.0,0.0,,,,0.0,False
273,2025-09-07 12:09:35.704163,431,Website,Leisure,1.0,Gold,True,0.0,0.0,0.0,,,,0.0,False
391,2025-12-04 12:09:35.704163,432,Website,Leisure,1.0,Platinum,True,0.0,0.0,0.0,,,,0.0,False
377,2025-10-25 12:09:35.704163,433,Website,Leisure,1.0,Gold,True,0.0,0.0,0.0,,,,0.0,False
159,2025-11-25 12:09:35.704163,434,Travel_Agent,Leisure,2.0,Unknown,True,0.0,0.0,0.0,,,,0.0,False
213,2025-11-30 12:09:35.704163,435,Travel_Agent,Leisure,2.0,Silver,True,0.0,0.0,0.0,,,,0.0,False
397,2025-09-15 12:09:35.704163,436,Corporate,Business,3.0,Gold,False,0.0,0.0,0.0,,,,0.0,False
88,2025-11-17 12:09:35.704163,437,Travel_Agent,Leisure,1.0,Silver,True,0.0,0.0,0.0,,,,0.0,False
294,2025-11-07 12:09:35.704163,438,Corporate,Business,2.0,Unknown,True,0.0,0.0,0.0,,,,0.0,False
112,2025-09-29 12:09:35.704163,439,Corporate,Business,2.0,Unknown,True,0.0,0.0,0.0,,,,0.0,False
367,2025-09-06 12:09:35.704163,440,Website,Business,2.0,Platinum,True,0.0,0.0,0.0,,,,0.0,False
160,2025-09-30 12:09:35.704163,441,Corporate,Business,2.0,Silver,True,0.0,0.0,0.0,,,,0.0,False
138,2025-11-02 12:09:35.704163,442,Website,Business,1.0,Silver,True,0.0,0.0,0.0,,,,0.0,False
233,2025-11-04 12:09:35.704163,443,Corporate,Business,2.0,Silver,True,0.0,0.0,0.0,,,,0.0,False
192,2025-10-20 12:09:35.704163,444,Website,Business,1.0,Gold,True,0.0,0.0,0.0,,,,0.0,False
102,2025-09-07 12:09:35.704163,445,Corporate,Business,1.0,Silver,True,0.0,0.0,0.0,,,,0.0,False
233,2025-09-06 12:09:35.704163,446,Corporate,Business,1.0,Silver,True,0.0,0.0,0.0,,,,0.0,False
310,2025-11-18 12:09:35.704163,447,Corporate,Business,2.0,Unknown,True,0.0,0.0,0.0,,,,0.0,False
364,2025-10-06 12:09:35.704163,448,Travel_Agent,Business,4.0,Silver,True,0.0,0.0,0.0,,,,0.0,False
227,2025-11-14 12:09:35.704163,449,Website,Leisure,2.0,Platinum,True,0.0,0.0,0.0,,,,0.0,False
327,2025-09-27 12:09:35.704163,450,Website,Leisure,2.0,Silver,True,0.0,0.0,0.0,,,,0.0,False
198,2025-11-07 12:09:35.704163,451,Website,Leisure,2.0,Gold,True,0.0,0.0,0.0,,,,0.0,False
179,2025-11-11 12:09:35.704163,452,Website,Business,2.0,Platinum,True,0.0,0.0,0.0,,,,0.0,False
236,2025-10-04 12:09:35.704163,453,Travel_Agent,Business,1.0,Silver,True,0.0,0.0,0.0,,,,0.0,False
379,2025-09-21 12:09:35.704163,454,Website,Leisure,1.0,Gold,True,0.0,0.0,0.0,,,,0.0,False
372,2025-11-21 12:09:35.704163,455,Corporate,Business,1.0,Unknown,False,0.0,0.0,0.0,,,,0.0,False
10,2025-09-29 12:09:35.704163,456,Travel_Agent,Leisure,1.0,Silver,True,0.0,0.0,0.0,,,,0.0,False
322,2025-09-14 12:09:35.704163,457,Corporate,Business,1.0,Silver,True,0.0,0.0,0.0,,,,0.0,False
232,2025-11-23 12:09:35.704163,458,Website,Leisure,1.0,Silver,False,0.0,0.0,0.0,,,,0.0,False
342,2025-11-10 12:09:35.704163,459,Corporate,Business,1.0,Unknown,True,0.0,0.0,0.0,,,,0.0,False
319,2025-10-16 12:09:35.704163,461,Travel_Agent,Leisure,1.0,Unknown,True,0.0,0.0,0.0,,,,0.0,False
46,2025-11-07 12:09:35.704163,462,Travel_Agent,Business,1.0,Silver,False,0.0,0.0,0.0,,,,0.0,False
210,2025-11-25 12:09:35.704163,463,Travel_Agent,Leisure,1.0,Unknown,True,0.0,0.0,0.0,,,,0.0,False
90,2025-11-07 12:09:35.704163,464,Website,Leisure,2.0,Unknown,False,0.0,0.0,0.0,,,,0.0,False
105,2025-09-19 12:09:35.704163,465,Travel_Agent,Leisure,1.0,Platinum,True,0.0,0.0,0.0,,,,0.0,False
277,2025-10-22 12:09:35.704163,466,Website,Business,1.0,Gold,True,0.0,0.0,0.0,,,,0.0,False
283,2025-11-10 12:09:35.704163,467,Website,Leisure,2.0,Unknown,True,0.0,0.0,0.0,,,,0.0,False
90,2025-09-08 12:09:35.704163,468,Website,Leisure,1.0,Unknown,False,0.0,0.0,0.0,,,,0.0,False
390,2025-10-24 12:09:35.704163,469,Website,Leisure,1.0,Gold,False,0.0,0.0,0.0,,,,0.0,False
28,2025-11-13 12:09:35.704163,470,Website,Leisure,1.0,Silver,False,0.0,0.0,0.0,,,,0.0,False
281,2025-11-11 12:09:35.704163,471,Website,Leisure,1.0,Gold,False,0.0,0.0,0.0,,,,0.0,False
166,2025-11-11 12:09:35.704163,472,Corporate,Business,1.0,Gold,True,0.0,0.0,0.0,,,,0.0,False
351,2025-11-19 12:09:35.704163,473,Travel_Agent,Leisure,1.0,Silver,True,0.0,0.0,0.0,,,,0.0,False
301,2025-09-26 12:09:35.704163,474,Corporate,Business,2.0,Unknown,True,0.0,0.0,0.0,,,,0.0,False
205,2025-12-03 12:09:35.704163,475,Website,Leisure,2.0,Silver,True,0.0,0.0,0.0,,,,0.0,False
281,2025-10-03 12:09:35.704163,476,Website,Leisure,2.0,Gold,False,0.0,0.0,0.0,,,,0.0,False
125,2025-11-26 12:09:35.704163,477,Travel_Agent,Leisure,1.0,Unknown,False,0.0,0.0,0.0,,,,0.0,False
138,2025-11-10 12:09:35.704163,478,Website,Business,3.0,Silver,True,0.0,0.0,0.0,,,,0.0,False
21,2025-09-23 12:09:35.704163,479,Website,Leisure,1.0,Silver,True,0.0,0.0,0.0,,,,0.0,False
139,2025-10-11 12:09:35.704163,480,Travel_Agent,Leisure,1.0,Unknown,True,0.0,0.0,0.0,,,,0.0,False
224,2025-11-05 12:09:35.704163,481,Website,Business,2.0,Unknown,True,0.0,0.0,0.0,,,,0.0,False
193,2025-10-03 12:09:35.704163,482,Travel_Agent,Leisure,1.0,Platinum,True,0.0,0.0,0.0,,,,0.0,False
327,2025-09-19 12:09:35.704163,483,Travel_Agent,Leisure,1.0,Silver,True,0.0,0.0,0.0,,,,0.0,False
250,2025-11-23 12:09:35.704163,484,Website,Leisure,2.0,Gold,True,0.0,0.0,0.0,,,,0.0,False
254,2025-11-02 12:09:35.704163,485,Website,Leisure,3.0,Unknown,True,0.0,0.0,0.0,,,,0.0,False
108,2025-10-26 12:09:35.704163,486,Travel_Agent,Leisure,1.0,Gold,False,0.0,0.0,0.0,,,,0.0,False
298,2025-09-09 12:09:35.704163,487,Travel_Agent,Leisure,2.0,Unknown,True,0.0,0.0,0.0,,,,0.0,False
2,2025-10-29 12:09:35.704163,488,Website,Leisure,4.0,Platinum,False,0.0,0.0,0.0,,,,0.0,False
299,2025-10-02 12:09:35.704163,489,Corporate,Business,1.0,Silver,True,0.0,0.0,0.0,,,,0.0,False
218,2025-09-13 12:09:35.704163,490,Website,Leisure,1.0,Silver,True,0.0,0.0,0.0,,,,0.0,False
94,2025-09-17 12:09:35.704163,491,Travel_Agent,Leisure,1.0,Silver,True,0.0,0.0,0.0,,,,0.0,False
184,2025-11-22 12:09:35.704163,492,Corporate,Business,1.0,Gold,True,0.0,0.0,0.0,,,,0.0,False
152,2025-10-28 12:09:35.704163,493,Website,Leisure,1.0,Unknown,False,0.0,0.0,0.0,,,,0.0,False
228,2025-10-22 12:09:35.704163,494,Website,Leisure,3.0,Unknown,True,0.0,0.0,0.0,,,,0.0,False
124,2025-11-14 12:09:35.704163,495,Website,Business,2.0,Unknown,False,0.0,0.0,0.0,,,,0.0,False
323,2025-12-04 12:09:35.704163,496,Website,Leisure,2.0,Silver,True,0.0,0.0,0.0,,,,0.0,False
345,2025-11-01 12:09:35.704163,497,Website,Leisure,1.0,Unknown,True,0.0,0.0,0.0,,,,0.0,False
240,2025-11-21 12:09:35.704163,498,Travel_Agent,Leisure,2.0,Unknown,True,0.0,0.0,0.0,,,,0.0,False
276,2025-09-11 12:09:35.704163,499,Website,Leisure,4.0,Silver,False,0.0,0.0,0.0,,,,0.0,False
299,2025-11-06 12:09:35.704163,500,Travel_Agent,Business,2.0,Silver,True,0.0,0.0,0.0,,,,0.0,False
183,2025-09-28 12:09:35.704163,501,Corporate,Business,1.0,Platinum,True,0.0,0.0,0.0,,,,0.0,False
68,2025-09-17 12:09:35.704163,502,Corporate,Business,2.0,Gold,False,0.0,0.0,0.0,,,,0.0,False
181,2025-09-24 12:09:35.704163,503,Travel_Agent,Leisure,1.0,Unknown,True,0.0,0.0,0.0,,,,0.0,False
153,2025-11-28 12:09:35.704163,505,Travel_Agent,Business,1.0,Unknown,True,0.0,0.0,0.0,,,,0.0,False
83,2025-11-13 12:09:35.704163,506,Travel_Agent,Leisure,2.0,Unknown,True,0.0,0.0,0.0,,,,0.0,False
29,2025-10-06 12:09:35.704163,507,Website,Leisure,2.0,Silver,True,0.0,0.0,0.0,,,,0.0,False
22,2025-11-27 12:09:35.704163,509,Corporate,Business,1.0,Unknown,True,0.0,0.0,0.0,,,,0.0,False
211,2025-10-04 12:09:35.704163,511,Website,Leisure,1.0,Silver,True,0.0,0.0,0.0,,,,0.0,False
335,2025-11-28 12:09:35.704163,512,Website,Leisure,1.0,Unknown,True,0.0,0.0,0.0,,,,0.0,False
12,2025-10-20 12:09:35.704163,513,Website,Leisure,1.0,Platinum,False,0.0,0.0,0.0,,,,0.0,False
162,2025-12-04 12:09:35.704163,514,Corporate,Business,2.0,Silver,True,0.0,0.0,0.0,,,,0.0,False
136,2025-11-06 12:09:35.704163,516,Travel_Agent,Business,1.0,Unknown,False,0.0,0.0,0.0,,,,0.0,False
397,2025-10-05 12:09:35.704163,519,Travel_Agent,Business,2.0,Gold,False,0.0,0.0,0.0,,,,0.0,False
276,2025-10-27 12:09:35.704163,520,Website,Leisure,2.0,Silver,False,0.0,0.0,0.0,,,,0.0,False
32,2025-10-22 12:09:35.704163,521,Website,Leisure,1.0,Unknown,True,0.0,0.0,0.0,,,,0.0,False
173,2025-11-19 12:09:35.704163,522,Travel_Agent,Leisure,2.0,Silver,True,0.0,0.0,0.0,,,,0.0,False
165,2025-11-30 12:09:35.704163,523,Website,Leisure,1.0,Unknown,True,0.0,0.0,0.0,,,,0.0,False
181,2025-09-20 12:09:35.704163,524,Travel_Agent,Leisure,2.0,Unknown,True,0.0,0.0,0.0,,,,0.0,False
381,2025-09-28 12:09:35.704163,525,Website,Leisure,3.0,Unknown,True,0.0,0.0,0.0,,,,0.0,False
254,2025-11-18 12:09:35.704163,526,Website,Leisure,2.0,Unknown,True,0.0,0.0,0.0,,,,0.0,False
346,2025-11-29 12:09:35.704163,527,Website,Business,3.0,Silver,False,0.0,0.0,0.0,,,,0.0,False
6,2025-09-22 12:09:35.704163,528,Corporate,Business,2.0,Unknown,False,0.0,0.0,0.0,,,,0.0,False
364,2025-09-29 12:09:35.704163,529,Corporate,Business,1.0,Silver,True,0.0,0.0,0.0,,,,0.0,False
23,2025-10-17 12:09:35.704163,530,Corporate,Business,3.0,Unknown,True,0.0,0.0,0.0,,,,0.0,False
226,2025-11-20 12:09:35.704163,532,Website,Business,2.0,Unknown,True,0.0,0.0,0.0,,,,0.0,False
154,2025-09-08 12:09:35.704163,533,Travel_Agent,Leisure,1.0,Unknown,True,0.0,0.0,0.0,,,,0.0,False
84,2025-09-18 12:09:35.704163,534,Travel_Agent,Business,1.0,Unknown,True,0.0,0.0,0.0,,,,0.0,False
128,2025-11-14 12:09:35.704163,535,Corporate,Business,1.0,Gold,True,0.0,0.0,0.0,,,,0.0,False
312,2025-11-15 12:09:35.704163,536,Website,Leisure,1.0,Unknown,True,0.0,0.0,0.0,,,,0.0,False
6,2025-11-22 12:09:35.704163,537,Travel_Agent,Business,1.0,Unknown,False,0.0,0.0,0.0,,,,0.0,False
85,2025-11-22 12:09:35.704163,538,Website,Leisure,2.0,Unknown,True,0.0,0.0,0.0,,,,0.0,False
32,2025-09-15 12:09:35.704163,539,Website,Leisure,1.0,Unknown,True,0.0,0.0,0.0,,,,0.0,False
214,2025-10-31 12:09:35.704163,540,Travel_Agent,Business,1.0,Unknown,True,0.0,0.0,0.0,,,,0.0,False
138,2025-11-06 12:09:35.704163,541,Travel_Agent,Business,2.0,Silver,True,0.0,0.0,0.0,,,,0.0,False
8,2025-12-03 12:09:35.704163,542,Website,Leisure,1.0,Gold,True,0.0,0.0,0.0,,,,0.0,False
106,2025-12-05 12:09:35.704163,543,Website,Business,2.0,Unknown,True,0.0,0.0,0.0,,,,0.0,False
95,2025-11-09 12:09:35.704163,544,Travel_Agent,Leisure,2.0,Gold,True,0.0,0.0,0.0,,,,0.0,False
137,2025-10-07 12:09:35.704163,545,Travel_Agent,Leisure,2.0,Silver,False,0.0,0.0,0.0,,,,0.0,False
142,2025-10-16 12:09:35.704163,546,Corporate,Business,2.0,Unknown,True,0.0,0.0,0.0,,,,0.0,False
186,2025-11-12 12:09:35.704163,547,Corporate,Business,1.0,Silver,True,0.0,0.0,0.0,,,,0.0,False
250,2025-09-23 12:09:35.704163,548,Travel_Agent,Leisure,2.0,Gold,True,0.0,0.0,0.0,,,,0.0,False
177,2025-09-18 12:09:35.704163,549,Website,Leisure,1.0,Silver,True,0.0,0.0,0.0,,,,0.0,False
377,2025-10-14 12:09:35.704163,550,Travel_Agent,Leisure,1.0,Gold,True,0.0,0.0,0.0,,,,0.0,False
279,2025-09-18 12:09:35.704163,551,Website,Leisure,2.0,Silver,False,0.0,0.0,0.0,,,,0.0,False
165,2025-09-10 12:09:35.704163,552,Website,Leisure,1.0,Unknown,True,0.0,0.0,0.0,,,,0.0,False
124,2025-10-12 12:09:35.704163,553,Corporate,Business,2.0,Unknown,False,0.0,0.0,0.0,,,,0.0,False
5,2025-11-09 12:09:35.704163,554,Website,Leisure,2.0,Unknown,True,0.0,0.0,0.0,,,,0.0,False
188,2025-09-30 12:09:35.704163,555,Corporate,Business,3.0,Silver,True,0.0,0.0,0.0,,,,0.0,False
6,2025-09-16 12:09:35.704163,556,Travel_Agent,Business,3.0,Unknown,False,0.0,0.0,0.0,,,,0.0,False
279,2025-10-14 12:09:35.704163,557,Travel_Agent,Leisure,1.0,Silver,False,0.0,0.0,0.0,,,,0.0,False
256,2025-09-19 12:09:35.704163,558,Travel_Agent,Leisure,1.0,Silver,True,0.0,0.0,0.0,,,,0.0,False
371,2025-09-17 12:09:35.704163,559,Corporate,Business,2.0,Unknown,True,0.0,0.0,0.0,,,,0.0,False
256,2025-10-03 12:09:35.704163,560,Travel_Agent,Leisure,1.0,Silver,True,0.0,0.0,0.0,,,,0.0,False
305,2025-10-19 12:09:35.704163,561,Travel_Agent,Business,2.0,Silver,True,0.0,0.0,0.0,,,,0.0,False
55,2025-11-16 12:09:35.704163,562,Website,Leisure,2.0,Silver,True,0.0,0.0,0.0,,,,0.0,False
261,2025-10-06 12:09:35.704163,563,Travel_Agent,Leisure,2.0,Silver,True,0.0,0.0,0.0,,,,0.0,False
350,2025-11-15 12:09:35.704163,564,Website,Leisure,1.0,Silver,True,0.0,0.0,0.0,,,,0.0,False
235,2025-11-19 12:09:35.704163,565,Travel_Agent,Business,1.0,Unknown,True,0.0,0.0,0.0,,,,0.0,False
286,2025-10-19 12:09:35.704163,566,Travel_Agent,Leisure,1.0,Unknown,True,0.0,0.0,0.0,,,,0.0,False
182,2025-11-26 12:09:35.704163,567,Travel_Agent,Business,1.0,Unknown,False,0.0,0.0,0.0,,,,0.0,False
106,2025-10-28 12:09:35.704163,568,Website,Business,3.0,Unknown,True,0.0,0.0,0.0,,,,0.0,False
145,2025-09-26 12:09:35.704163,569,Website,Leisure,1.0,Unknown,True,0.0,0.0,0.0,,,,0.0,False
114,2025-09-08 12:09:35.704163,570,Travel_Agent,Leisure,1.0,Gold,False,0.0,0.0,0.0,,,,0.0,False
32,2025-10-13 12:09:35.704163,572,Website,Leisure,2.0,Unknown,True,0.0,0.0,0.0,,,,0.0,False
309,2025-11-11 12:09:35.704163,573,Website,Business,2.0,Gold,True,0.0,0.0,0.0,,,,0.0,False
143,2025-10-27 12:09:35.704163,574,Corporate,Business,1.0,Unknown,True,0.0,0.0,0.0,,,,0.0,False
372,2025-11-07 12:09:35.704163,575,Travel_Agent,Business,1.0,Unknown,False,0.0,0.0,0.0,,,,0.0,False
221,2025-09-13 12:09:35.704163,576,Website,Leisure,1.0,Silver,True,0.0,0.0,0.0,,,,0.0,False
47,2025-09-23 12:09:35.704163,577,Website,Leisure,1.0,Unknown,False,0.0,0.0,0.0,,,,0.0,False
169,2025-11-20 12:09:35.704163,578,Website,Leisure,2.0,Unknown,False,0.0,0.0,0.0,,,,0.0,False
263,2025-09-25 12:09:35.704163,579,Travel_Agent,Business,2.0,Unknown,True,0.0,0.0,0.0,,,,0.0,False
372,2025-09-19 12:09:35.704163,580,Travel_Agent,Business,1.0,Unknown,False,0.0,0.0,0.0,,,,0.0,False
95,2025-10-18 12:09:35.704163,581,Website,Leisure,1.0,Gold,True,0.0,0.0,0.0,,,,0.0,False
211,2025-10-02 12:09:35.704163,582,Website,Leisure,4.0,Silver,True,0.0,0.0,0.0,,,,0.0,False
202,2025-11-17 12:09:35.704163,583,Website,Business,1.0,Unknown,True,0.0,0.0,0.0,,,,0.0,False
337,2025-11-30 12:09:35.704163,584,Travel_Agent,Leisure,2.0,Gold,True,0.0,0.0,0.0,,,,0.0,False
295,2025-11-18 12:09:35.704163,585,Travel_Agent,Business,1.0,Unknown,True,0.0,0.0,0.0,,,,0.0,False
65,2025-09-23 12:09:35.704163,586,Website,Leisure,1.0,Unknown,False,0.0,0.0,0.0,,,,0.0,False
26,2025-09-08 12:09:35.704163,587,Website,Business,1.0,Gold,True,0.0,0.0,0.0,,,,0.0,False
318,2025-11-16 12:09:35.704163,588,Website,Business,2.0,Unknown,False,0.0,0.0,0.0,,,,0.0,False
339,2025-10-22 12:09:35.704163,589,Corporate,Business,4.0,Unknown,True,0.0,0.0,0.0,,,,0.0,False
383,2025-09-28 12:09:35.704163,590,Website,Leisure,1.0,Silver,True,0.0,0.0,0.0,,,,0.0,False
238,2025-09-18 12:09:35.704163,591,Travel_Agent,Business,1.0,Unknown,True,0.0,0.0,0.0,,,,0.0,False
14,2025-09-11 12:09:35.704163,592,Travel_Agent,Leisure,1.0,Unknown,True,0.0,0.0,0.0,,,,0.0,False
275,2025-09-06 12:09:35.704163,593,Website,Leisure,1.0,Silver,True,0.0,0.0,0.0,,,,0.0,False
26,2025-11-27 12:09:35.704163,594,Website,Business,1.0,Gold,True,0.0,0.0,0.0,,,,0.0,False
250,2025-10-24 12:09:35.704163,595,Website,Leisure,1.0,Gold,True,0.0,0.0,0.0,,,,0.0,False
245,2025-12-04 12:09:35.704163,596,Travel_Agent,Business,2.0,Unknown,True,0.0,0.0,0.0,,,,0.0,False
128,2025-10-26 12:09:35.704163,597,Travel_Agent,Business,1.0,Gold,True,0.0,0.0,0.0,,,,0.0,False
290,2025-10-27 12:09:35.704163,598,Travel_Agent,Leisure,1.0,Silver,True,0.0,0.0,0.0,,,,0.0,False
371,2025-11-11 12:09:35.704163,599,Travel_Agent,Business,3.0,Unknown,True,0.0,0.0,0.0,,,,0.0,False
